{
  "total_earnings": 0.0,
  "tasks_completed": 0,
  "uptime": 0.0,
  "current_balance": 0.0,
  "start_time": 1750130700.509973,
  "last_registration": 1750140527.5704627,
  "last_heartbeat": 1750140528.6202328
}